Replication,Seed,Model,Variable,RMSE,Corr,VarType,LogLik,AUC
0,42,VAE-RWMH,biomarker,0.8037474751472473,0.9191245063945894,continuous,-1.2004684480331702,
0,42,VAE-RWMH,blood_pressure,22.700130462646484,0.8976883830874064,bounded,-4.541309204928663,
0,42,VAE-RWMH,symptom_present,0.4123903512954712,0.5657590219939229,binary,-0.5135378426172739,0.8251739481318298
0,42,VAE-RWMH,score,0.7505001425743103,0.9383258510608519,continuous,-1.1319230356638217,
0,42,VAE-Latent,biomarker,0.7930470705032349,0.9216477935956007,continuous,-1.1870658316030283,
0,42,VAE-Latent,blood_pressure,26.967140197753906,0.8238791387246811,bounded,-4.713557628314101,
0,42,VAE-Latent,symptom_present,0.4179058372974396,0.5669711249508687,binary,-0.5287460738152965,0.8248381391730466
0,42,VAE-Latent,score,0.7987350225448608,0.9312457099365373,continuous,-1.1942125086209305,
0,42,RNN,biomarker,1.09687077999115,0.9080325536398314,continuous,-1.5113999135678498,
0,42,RNN,blood_pressure,21.08701515197754,0.905522191662499,bounded,-4.467595929007555,
0,42,RNN,symptom_present,0.42254623770713806,0.5431213587890293,binary,-0.5309528363169344,0.8156658741757004
0,42,RNN,score,1.1182054281234741,0.918077267967329,continuous,-1.530663637143733,
0,42,MixedModel,biomarker,0.8874672651290894,0.912219481859964,continuous,-1.2995548905302723,
0,42,MixedModel,blood_pressure,22.312978744506836,0.9010726472669494,bounded,-4.5241069892461425,
0,42,MixedModel,symptom_present,0.4015979468822479,0.5999164053652031,binary,-0.48942628542935285,0.8469474556677645
0,42,MixedModel,score,0.8844621181488037,0.9169347720490213,continuous,-1.2961629383566529,
1,43,VAE-RWMH,biomarker,0.7974841594696045,0.9362410952523142,continuous,-1.1926451663455855,
1,43,VAE-RWMH,blood_pressure,23.207475662231445,0.8513133560252147,bounded,-4.563412986793345,
1,43,VAE-RWMH,symptom_present,0.4149590730667114,0.5774269977184535,binary,-0.524279857265468,0.8292482475223593
1,43,VAE-RWMH,score,0.8626618981361389,0.9150665629141658,continuous,-1.2712060338923954,
1,43,VAE-Latent,biomarker,0.8545535802841187,0.9327077962910099,continuous,-1.2617624584801692,
1,43,VAE-Latent,blood_pressure,22.330854415893555,0.8658402874771607,bounded,-4.524907801859065,
1,43,VAE-Latent,symptom_present,0.41141602396965027,0.5725080834546737,binary,-0.516497236851827,0.8211963465589281
1,43,VAE-Latent,score,0.8999897241592407,0.9074544498320044,continuous,-1.3135665998808215,
1,43,RNN,biomarker,1.1179194450378418,0.9225901014720228,continuous,-1.5304078526026959,
1,43,RNN,blood_pressure,42.89249038696289,0.24870097998227791,bounded,-5.17763529456079,
1,43,RNN,symptom_present,0.5024449229240417,0.024962554648442846,binary,-0.6981616768358486,0.5131651645429746
1,43,RNN,score,0.9727025628089905,0.9106630678177806,continuous,-1.3912615988317787,
1,43,MixedModel,biomarker,0.9547152519226074,0.9256364014902957,continuous,-1.3725964443216667,
1,43,MixedModel,blood_pressure,19.708309173583984,0.9101501262555988,bounded,-4.399978865483249,
1,43,MixedModel,symptom_present,0.39021578431129456,0.6241341410199244,binary,-0.49737749504057316,0.8552531164750165
1,43,MixedModel,score,0.9417572617530823,0.9157108052648597,continuous,-1.358930811678769,
2,44,VAE-RWMH,biomarker,0.8342627882957458,0.9146177796709521,continuous,-1.2377316412247779,
2,44,VAE-RWMH,blood_pressure,22.138818740844727,0.8865661866394114,bounded,-4.51627110498973,
2,44,VAE-RWMH,symptom_present,0.4319964647293091,0.5064130491037409,binary,-0.556476666056188,0.7946788458750181
2,44,VAE-RWMH,score,0.8106849193572998,0.9281291262353373,continuous,-1.2090627240415739,
2,44,VAE-Latent,biomarker,0.8680177330970764,0.9101668673289599,continuous,-1.277395398509541,
2,44,VAE-Latent,blood_pressure,20.065025329589844,0.8991831627656957,bounded,-4.417916739694879,
2,44,VAE-Latent,symptom_present,0.4274064898490906,0.5235845318361182,binary,-0.5474541615039826,0.8021716869653472
2,44,VAE-Latent,score,0.8296670317649841,0.9250278402517016,continuous,-1.2322077079761407,
2,44,RNN,biomarker,1.0338263511657715,0.9099401058995188,continuous,-1.452205356276346,
2,44,RNN,blood_pressure,20.53154754638672,0.9099917808961784,bounded,-4.440901141150411,
2,44,RNN,symptom_present,0.442672997713089,0.49126493849439323,binary,-0.5770524274406137,0.7849209801362911
2,44,RNN,score,1.0305101871490479,0.9125962736028679,continuous,-1.4489924805366576,
2,44,MixedModel,biomarker,0.79627525806427,0.9310153831377167,continuous,-1.1911281818796082,
2,44,MixedModel,blood_pressure,18.85084342956543,0.9229794099529983,bounded,-4.355496190371726,
2,44,MixedModel,symptom_present,0.4200243055820465,0.5430571709581588,binary,-0.5267296030456774,0.8133201029433088
2,44,MixedModel,score,0.8554812669754028,0.9300848679421825,continuous,-1.2628475097547527,
3,45,VAE-RWMH,biomarker,0.788447916507721,0.9489759720327928,continuous,-1.1812496045539567,
3,45,VAE-RWMH,blood_pressure,23.616455078125,0.8686708487523431,bounded,-4.580882251344127,
3,45,VAE-RWMH,symptom_present,0.4008136987686157,0.5993905478993249,binary,-0.4912822373911076,0.8439044783799181
3,45,VAE-RWMH,score,0.7762809991836548,0.9081925835145118,continuous,-1.1656977616043263,
3,45,VAE-Latent,biomarker,0.7844331860542297,0.9515997823383251,continuous,-1.1761446552150978,
3,45,VAE-Latent,blood_pressure,23.45108413696289,0.8752862551752327,bounded,-4.57385525888173,
3,45,VAE-Latent,symptom_present,0.4059886336326599,0.5850657241184848,binary,-0.5051874028505002,0.8356942683352628
3,45,VAE-Latent,score,0.8274638056755066,0.897049265071631,continuous,-1.2295486807568579,
3,45,RNN,biomarker,1.0240371227264404,0.9197651194844325,continuous,-1.442691371432061,
3,45,RNN,blood_pressure,46.68825912475586,0.011347176412265604,bounded,-5.262431196061135,
3,45,RNN,symptom_present,0.4995511770248413,0.04689577236921915,binary,-0.6922480647233685,0.5244702942095301
3,45,RNN,score,0.9603739380836487,0.9008028317061776,continuous,-1.3785059816787835,
3,45,MixedModel,biomarker,0.852271556854248,0.9418144494541822,continuous,-1.2590883397615285,
3,45,MixedModel,blood_pressure,22.610557556152344,0.8955361091688259,bounded,-4.5373554789053365,
3,45,MixedModel,symptom_present,0.39346545934677124,0.6156395166889469,binary,-0.4804963278658272,0.8548822059282946
3,45,MixedModel,score,0.8884129524230957,0.9056816749156847,continuous,-1.300619925631233,
4,46,VAE-RWMH,biomarker,0.8222413063049316,0.9203343602827293,continuous,-1.2232171661800837,
4,46,VAE-RWMH,blood_pressure,22.35954475402832,0.8935520082394105,bounded,-4.5261918214465755,
4,46,VAE-RWMH,symptom_present,0.41875573992729187,0.5453937616874048,binary,-0.5314472225039123,0.8134307171476934
4,46,VAE-RWMH,score,0.7821040749549866,0.9363399646161785,continuous,-1.1731711336947779,
4,46,VAE-Latent,biomarker,0.8447609543800354,0.9167724142472388,continuous,-1.25023694733278,
4,46,VAE-Latent,blood_pressure,20.862642288208008,0.9212306355264315,bounded,-4.456898702059597,
4,46,VAE-Latent,symptom_present,0.4131321310997009,0.5625036232920043,binary,-0.5193702775399361,0.8217156621170891
4,46,VAE-Latent,score,0.7845484614372253,0.9406848640202979,continuous,-1.1762915981489266,
4,46,RNN,biomarker,0.9634659886360168,0.8934867898882937,continuous,-1.3817204416469675,
4,46,RNN,blood_pressure,47.70832824707031,0.2638988346358165,bounded,-5.284044512233434,
4,46,RNN,symptom_present,0.5008190274238586,0.022092908031090767,binary,-0.6948126832947902,0.5097147229185861
4,46,RNN,score,1.0342655181884766,0.9122212088123438,continuous,-1.4526301233476309,
4,46,MixedModel,biomarker,0.7505043745040894,0.9389081798412943,continuous,-1.1319288532746161,
4,46,MixedModel,blood_pressure,18.76494598388672,0.9343560439622156,bounded,-4.350929087230984,
4,46,MixedModel,symptom_present,0.4005163908004761,0.5986120900696869,binary,-0.5486527937333341,0.8433596344625142
4,46,MixedModel,score,0.9913978576660156,0.9043675872884717,continuous,-1.4102991788887962,
5,47,VAE-RWMH,biomarker,0.819591760635376,0.9507936688903602,continuous,-1.2199896772318968,
5,47,VAE-RWMH,blood_pressure,29.766658782958984,0.7643155011659933,bounded,-4.812327467568779,
5,47,VAE-RWMH,symptom_present,0.3931032121181488,0.6088851148115285,binary,-0.4804966166926322,0.8438465379254854
5,47,VAE-RWMH,score,0.7665972709655762,0.938564088960929,continuous,-1.1531448472429775,
5,47,VAE-Latent,biomarker,0.8512168526649475,0.9520116437341269,continuous,-1.2578501713274428,
5,47,VAE-Latent,blood_pressure,26.221725463867188,0.8267296824294277,bounded,-4.685526816540063,
5,47,VAE-Latent,symptom_present,0.3999568521976471,0.5903349413060563,binary,-0.491012021035146,0.8370062646378437
5,47,VAE-Latent,score,0.7811148762702942,0.9351198331000937,continuous,-1.171905481940099,
5,47,RNN,biomarker,1.15105140209198,0.9288667139848749,continuous,-1.5596142609802952,
5,47,RNN,blood_pressure,26.062578201293945,0.8519846785641088,bounded,-4.679439033288455,
5,47,RNN,symptom_present,0.3921203911304474,0.6097413130492415,binary,-0.4768484606518447,0.8451881905829275
5,47,RNN,score,1.2437629699707031,0.9076565521987757,continuous,-1.6370800303627586,
5,47,MixedModel,biomarker,0.806687593460083,0.9525286256791807,continuous,-1.2041196670699055,
5,47,MixedModel,blood_pressure,20.9209041595459,0.9143777878621141,bounded,-4.45968733172637,
5,47,MixedModel,symptom_present,0.3753681182861328,0.6481188355950769,binary,-0.43882094534015087,0.8676595255542625
5,47,MixedModel,score,0.8745678067207336,0.9194287619021184,continuous,-1.2849130833776827,
6,48,VAE-RWMH,biomarker,0.7714570164680481,0.9295061879903629,continuous,-1.1594641506344652,
6,48,VAE-RWMH,blood_pressure,22.418516159057617,0.874246347406563,bounded,-4.528825884061202,
6,48,VAE-RWMH,symptom_present,0.40785902738571167,0.5764985871541586,binary,-0.5089701293832118,0.8265443380561126
6,48,VAE-RWMH,score,0.7551239132881165,0.9428290542582816,continuous,-1.1380651135651814,
6,48,VAE-Latent,biomarker,0.8202175498008728,0.9232607051491853,continuous,-1.220752804324349,
6,48,VAE-Latent,blood_pressure,21.292198181152344,0.8898051442499098,bounded,-4.477279256247197,
6,48,VAE-Latent,symptom_present,0.4275558292865753,0.5638795736070412,binary,-0.5529869674393005,0.8246479480709926
6,48,VAE-Latent,score,0.8253515958786011,0.9356648962424716,continuous,-1.226992726592215,
6,48,RNN,biomarker,1.1209282875061035,0.9105490465692034,continuous,-1.533095762958407,
6,48,RNN,blood_pressure,22.63494873046875,0.8827622379877872,bounded,-4.538433589429884,
6,48,RNN,symptom_present,0.42729276418685913,0.5193972156739607,binary,-0.5455867551428614,0.7997760813151897
6,48,RNN,score,0.9226466417312622,0.9247786707701868,continuous,-1.3384295787305214,
6,48,MixedModel,biomarker,0.7517045140266418,0.933650246719864,continuous,-1.1335265674785786,
6,48,MixedModel,blood_pressure,20.65102195739746,0.9089322518330293,bounded,-4.446703340849498,
6,48,MixedModel,symptom_present,0.40285271406173706,0.5907199314087515,binary,-0.5129764140353735,0.8396766477611726
6,48,MixedModel,score,0.8322444558143616,0.939979641296246,continuous,-1.235309468972527,
7,49,VAE-RWMH,biomarker,0.8103554248809814,0.9217862513794056,continuous,-1.2086562017955025,
7,49,VAE-RWMH,blood_pressure,20.057504653930664,0.8999044504287163,bounded,-4.417541913879768,
7,49,VAE-RWMH,symptom_present,0.4461415410041809,0.4496973956349001,binary,-0.5834225280890637,0.7589052659739848
7,49,VAE-RWMH,score,0.7866469621658325,0.9309950669344249,continuous,-1.1789628151660922,
7,49,VAE-Latent,biomarker,0.8016051650047302,0.9323039592941773,continuous,-1.1977993682969073,
7,49,VAE-Latent,blood_pressure,21.846778869628906,0.8803202082619259,bounded,-4.50299202372457,
7,49,VAE-Latent,symptom_present,0.4379847049713135,0.4774157992255587,binary,-0.5684234376458075,0.7772937861073151
7,49,VAE-Latent,score,0.8551145792007446,0.9227060517481592,continuous,-1.2624187249417607,
7,49,RNN,biomarker,1.172655701637268,0.907383428893319,continuous,-1.5782094806952693,
7,49,RNN,blood_pressure,25.61692237854004,0.8658349291022053,bounded,-4.662191756322185,
7,49,RNN,symptom_present,0.4415285885334015,0.4848884123007742,binary,-0.581606443414691,0.7793223935850995
7,49,RNN,score,1.1117074489593506,0.9051310288792358,continuous,-1.5248356089518007,
7,49,MixedModel,biomarker,0.9285867214202881,0.9117445430989641,continuous,-1.3448470301371833,
7,49,MixedModel,blood_pressure,19.4199275970459,0.9174301029102548,bounded,-4.38523826779344,
7,49,MixedModel,symptom_present,0.4180246889591217,0.5466198848479277,binary,-0.5216604546238678,0.8164338445297644
7,49,MixedModel,score,0.8328900337219238,0.9306773988376005,continuous,-1.2360848753363558,
8,50,VAE-RWMH,biomarker,0.7455851435661316,0.9510787109552512,continuous,-1.1253525919207932,
8,50,VAE-RWMH,blood_pressure,23.908971786499023,0.8611992804862285,bounded,-4.593192250653281,
8,50,VAE-RWMH,symptom_present,0.43861258029937744,0.5100593615049226,binary,-0.5690240023921481,0.7967852301619632
8,50,VAE-RWMH,score,0.7368607521057129,0.926296593588951,continuous,-1.1135821897624703,
8,50,VAE-Latent,biomarker,0.7655115723609924,0.9526144505083497,continuous,-1.1517275865946326,
8,50,VAE-Latent,blood_pressure,22.58452033996582,0.8784929453890966,bounded,-4.536203144885091,
8,50,VAE-Latent,symptom_present,0.44574397802352905,0.5133939110400912,binary,-0.5896406026623804,0.8001907773672899
8,50,VAE-Latent,score,0.7612183094024658,0.9220285925107503,continuous,-1.146103442695329,
8,50,RNN,biomarker,1.054719090461731,0.9087697800533598,continuous,-1.472212999712709,
8,50,RNN,blood_pressure,47.06303787231445,-0.034095707319427716,bounded,-5.270426586802564,
8,50,RNN,symptom_present,0.4994884133338928,0.03762099859046312,binary,-0.6921131563994543,0.5246553189397238
8,50,RNN,score,0.9875167012214661,0.8956233986883679,continuous,-1.4063766038794836,
8,50,MixedModel,biomarker,0.8681508898735046,0.9379952167029679,continuous,-1.2775488496395568,
8,50,MixedModel,blood_pressure,19.925947189331055,0.9134316814825297,bounded,-4.410961234879476,
8,50,MixedModel,symptom_present,0.41226926445961,0.5683671060952384,binary,-0.5164132727182955,0.8272626388908398
8,50,MixedModel,score,0.9608837962150574,0.8954276854050158,continuous,-1.3790367362301126,
9,51,VAE-RWMH,biomarker,0.7470793128013611,0.9285337905085997,continuous,-1.1273546684260443,
9,51,VAE-RWMH,blood_pressure,23.22893524169922,0.8661491678663193,bounded,-4.564337183847547,
9,51,VAE-RWMH,symptom_present,0.4394921660423279,0.5068891386300132,binary,-0.5812617013530541,0.7891343533739872
9,51,VAE-RWMH,score,0.7096378803253174,0.9248878565003472,continuous,-1.075938126043347,
9,51,VAE-Latent,biomarker,0.7663120031356812,0.9197498517622001,continuous,-1.1527726558315121,
9,51,VAE-Latent,blood_pressure,21.288583755493164,0.8921232812802042,bounded,-4.477109488314179,
9,51,VAE-Latent,symptom_present,0.432341605424881,0.5148220425649124,binary,-0.558235404135973,0.7963726714840134
9,51,VAE-Latent,score,0.7462992072105408,0.9171952559747266,continuous,-1.126309856066054,
9,51,RNN,biomarker,1.07927405834198,0.9099326275625331,continuous,-1.495227180132603,
9,51,RNN,blood_pressure,21.503807067871094,0.8964793128065133,bounded,-4.487168525586966,
9,51,RNN,symptom_present,0.4359096586704254,0.4994296339024975,binary,-0.5689404392921497,0.7871266863787854
9,51,RNN,score,0.9582017660140991,0.9021021238471377,continuous,-1.3762416813282494,
9,51,MixedModel,biomarker,0.8420760631561279,0.9126162701861835,continuous,-1.2470536006747235,
9,51,MixedModel,blood_pressure,20.08500862121582,0.9071239444091997,bounded,-4.418912230252362,
9,51,MixedModel,symptom_present,0.42454132437705994,0.5271497953445248,binary,-0.5401116503755935,0.8025002064326161
9,51,MixedModel,score,0.8276727795600891,0.9064485597195572,continuous,-1.2298011367301502,
10,52,VAE-RWMH,biomarker,0.7820677757263184,0.9355626482097512,continuous,-1.1731246607389927,
10,52,VAE-RWMH,blood_pressure,18.58568000793457,0.9221337611961373,bounded,-4.341329925358217,
10,52,VAE-RWMH,symptom_present,0.3988600969314575,0.6037372702782633,binary,-0.4885858233350155,0.8464582583254393
10,52,VAE-RWMH,score,0.875246524810791,0.9209390189033386,continuous,-1.2856888435390494,
10,52,VAE-Latent,biomarker,0.8030255436897278,0.9298017620815493,continuous,-1.1995697779868064,
10,52,VAE-Latent,blood_pressure,24.205629348754883,0.8601874347676998,bounded,-4.605523757033151,
10,52,VAE-Latent,symptom_present,0.4010828137397766,0.6020784244449631,binary,-0.49296054314461174,0.846137981900231
10,52,VAE-Latent,score,0.8552078604698181,0.9258456349778449,continuous,-1.2625278648776956,
10,52,RNN,biomarker,1.1087361574172974,0.9188571536165024,continuous,-1.5221593029136398,
10,52,RNN,blood_pressure,20.790117263793945,0.9007129573908399,bounded,-4.453416335057462,
10,52,RNN,symptom_present,0.4007784426212311,0.6003567789577255,binary,-0.4990085286610465,0.8404752500166037
10,52,RNN,score,1.0762006044387817,0.9009365127051298,continuous,-1.4923754129193825,
10,52,MixedModel,biomarker,0.8692863583564758,0.9293704955218938,continuous,-1.278855791903459,
10,52,MixedModel,blood_pressure,19.07406997680664,0.9298661899791011,bounded,-4.367268353055861,
10,52,MixedModel,symptom_present,0.383088082075119,0.6435652475045387,binary,-0.4559203741677074,0.8672998206801571
10,52,MixedModel,score,0.9101877212524414,0.9175717463559411,continuous,-1.3248341195497702,
11,53,VAE-RWMH,biomarker,0.7122271060943604,0.9310026927718728,continuous,-1.0795800840082923,
11,53,VAE-RWMH,blood_pressure,23.131214141845703,0.8454345464567901,bounded,-4.560121500151886,
11,53,VAE-RWMH,symptom_present,0.431666761636734,0.5077412861961942,binary,-0.5572527910195968,0.7936414953669186
11,53,VAE-RWMH,score,0.7858598232269287,0.9377704386013734,continuous,-1.177961688796453,
11,53,VAE-Latent,biomarker,0.7966436743736267,0.916927647702843,continuous,-1.191590749444628,
11,53,VAE-Latent,blood_pressure,24.16607666015625,0.8630588639565124,bounded,-4.603888392036664,
11,53,VAE-Latent,symptom_present,0.42735329270362854,0.5110769190692345,binary,-0.5472360502702982,0.7956063772352827
11,53,VAE-Latent,score,0.8586326241493225,0.9314910500608015,continuous,-1.2665244062039225,
11,53,RNN,biomarker,1.0224015712738037,0.8786708538259257,continuous,-1.4410928746930245,
11,53,RNN,blood_pressure,43.498878479003906,-0.011144702927977446,bounded,-5.191673688875083,
11,53,RNN,symptom_present,0.5008283257484436,0.036514732130458354,binary,-0.6948055043227538,0.5135843117955348
11,53,RNN,score,0.9768485426902771,0.8924329768540238,continuous,-1.3955148714131105,
11,53,MixedModel,biomarker,0.8739246726036072,0.9041751682183862,continuous,-1.284177379606723,
11,53,MixedModel,blood_pressure,18.865829467773438,0.9157603973866192,bounded,-4.356290854261482,
11,53,MixedModel,symptom_present,0.42450475692749023,0.5287732533221812,binary,-0.5763922456751411,0.8051828809208134
11,53,MixedModel,score,0.7537327408790588,0.9418036756936432,continuous,-1.1362211043288846,
12,54,VAE-RWMH,biomarker,0.9339007139205933,0.9277605667052171,continuous,-1.3505533847887061,
12,54,VAE-RWMH,blood_pressure,21.671600341796875,0.8958434432205941,bounded,-4.494941196593582,
12,54,VAE-RWMH,symptom_present,0.4018789827823639,0.5978976159654965,binary,-0.4972317117699367,0.8406154660636732
12,54,VAE-RWMH,score,0.8674068450927734,0.9259015778986759,continuous,-1.276691436703849,
12,54,VAE-Latent,biomarker,0.9480924010276794,0.9236910980834826,continuous,-1.3656352211662008,
12,54,VAE-Latent,blood_pressure,20.23418617248535,0.9040081537070579,bounded,-4.426312151523572,
12,54,VAE-Latent,symptom_present,0.39678582549095154,0.6094469812141515,binary,-0.48634652095950726,0.8452877678475288
12,54,VAE-Latent,score,0.81503826379776,0.9305965924973829,continuous,-1.214418315806412,
12,54,RNN,biomarker,1.2875317335128784,0.88960271824275,continuous,-1.6716655338453283,
12,54,RNN,blood_pressure,22.368881225585938,0.9025570662099338,bounded,-4.526609295188999,
12,54,RNN,symptom_present,0.4097730815410614,0.5805126514201335,binary,-0.5137608397259772,0.8343679336707225
12,54,RNN,score,1.2075833082199097,0.8756496125728365,continuous,-1.6075596296840282,
12,54,MixedModel,biomarker,0.8206921815872192,0.9451396290568845,continuous,-1.2213313622954842,
12,54,MixedModel,blood_pressure,20.053974151611328,0.914115569059207,bounded,-4.417365879366278,
12,54,MixedModel,symptom_present,0.4287930428981781,0.5790243939597916,binary,-1.593011301843603,0.8254562829762032
12,54,MixedModel,score,0.8183115124702454,0.9256689168569862,continuous,-1.2184263404217193,
13,55,VAE-RWMH,biomarker,0.7705662250518799,0.9308837653755854,continuous,-1.1583087964332157,
13,55,VAE-RWMH,blood_pressure,30.7319393157959,0.7809024683483042,bounded,-4.844241075186826,
13,55,VAE-RWMH,symptom_present,0.41530513763427734,0.5600567025018887,binary,-0.5227158796343961,0.8218015139265475
13,55,VAE-RWMH,score,0.8002551198005676,0.9371874474246966,continuous,-1.1961138904080995,
13,55,VAE-Latent,biomarker,0.7700653076171875,0.931785221610078,continuous,-1.1576586401655704,
13,55,VAE-Latent,blood_pressure,25.333105087280273,0.8643838313262122,bounded,-4.651050575069686,
13,55,VAE-Latent,symptom_present,0.41206538677215576,0.5712899592089612,binary,-0.5162795230925323,0.8297410118631855
13,55,VAE-Latent,score,0.8763973712921143,0.9235279272110631,continuous,-1.2870028625008665,
13,55,RNN,biomarker,1.2280510663986206,0.8910952566844327,continuous,-1.6243668278708645,
13,55,RNN,blood_pressure,22.92936897277832,0.8878802840959461,bounded,-4.551357050369331,
13,55,RNN,symptom_present,0.4152294397354126,0.5688722605873576,binary,-0.5259282519773668,0.8219935505042449
13,55,RNN,score,1.2532793283462524,0.8893377424557267,continuous,-1.644702111924568,
13,55,MixedModel,biomarker,0.8548753261566162,0.9195106653724043,continuous,-1.2621389547708728,
13,55,MixedModel,blood_pressure,18.98077964782715,0.9252936330955548,bounded,-4.362365343273625,
13,55,MixedModel,symptom_present,0.40226665139198303,0.5951163043291655,binary,-0.49608562016868185,0.8392484265833621
13,55,MixedModel,score,0.8975690007209778,0.9177535800468306,continuous,-1.310873252655934,
14,56,VAE-RWMH,biomarker,0.8836223483085632,0.9244321614615301,continuous,-1.295213017785188,
14,56,VAE-RWMH,blood_pressure,34.5786018371582,0.7212375539224755,bounded,-4.96217369914949,
14,56,VAE-RWMH,symptom_present,0.42422613501548767,0.5375763714164752,binary,-0.5450913169356386,0.8091038278483297
14,56,VAE-RWMH,score,0.8122648000717163,0.9396297842885264,continuous,-1.211009649685111,
14,56,VAE-Latent,biomarker,0.9415552020072937,0.9228966855638028,continuous,-1.3587162325789626,
14,56,VAE-Latent,blood_pressure,26.827327728271484,0.8627544556457544,bounded,-4.70835953293817,
14,56,VAE-Latent,symptom_present,0.42009931802749634,0.5539228683908992,binary,-0.5378832330818868,0.8168615495663067
14,56,VAE-Latent,score,0.8884322047233582,0.9301055530589744,continuous,-1.3006416554418445,
14,56,RNN,biomarker,1.007331371307373,0.9173308769239423,continuous,-1.4262431606426986,
14,56,RNN,blood_pressure,26.14242935180664,0.8774240441908115,bounded,-4.682498232869444,
14,56,RNN,symptom_present,0.4264339804649353,0.5276833882937304,binary,-0.5472043007790811,0.8024852124394227
14,56,RNN,score,1.0833028554916382,0.910982429135541,continuous,-1.4989531070901239,
14,56,MixedModel,biomarker,0.8450275659561157,0.9328690999084192,continuous,-1.2505525034808826,
14,56,MixedModel,blood_pressure,18.83243179321289,0.9296614575985971,bounded,-4.354519012156256,
14,56,MixedModel,symptom_present,0.4103723466396332,0.5719672162647436,binary,-0.5135591975549031,0.8297257295746007
14,56,MixedModel,score,0.9290640950202942,0.9278283989674379,continuous,-1.3453609842197154,
15,57,VAE-RWMH,biomarker,0.6907472610473633,0.9342654018297983,continuous,-1.0489572528316107,
15,57,VAE-RWMH,blood_pressure,19.29876708984375,0.9088251034482921,bounded,-4.378979745719766,
15,57,VAE-RWMH,symptom_present,0.4177626073360443,0.5521021339760505,binary,-0.5253614754362302,0.8170664885095972
15,57,VAE-RWMH,score,0.8326016664505005,0.920202504907012,continuous,-1.2357384712740405,
15,57,VAE-Latent,biomarker,0.7589911222457886,0.9291728017547755,continuous,-1.1431733349038944,
15,57,VAE-Latent,blood_pressure,19.96306610107422,0.9079176019127013,bounded,-4.4128224045691,
15,57,VAE-Latent,symptom_present,0.40180808305740356,0.5983564212428957,binary,-0.4973000930817554,0.8400586716861329
15,57,VAE-Latent,score,0.8072277307510376,0.9223948224848934,continuous,-1.2047890173177385,
15,57,RNN,biomarker,1.1257778406143188,0.8978154889273474,continuous,-1.5374128630332842,
15,57,RNN,blood_pressure,22.308818817138672,0.8971943588634615,bounded,-4.523920596147959,
15,57,RNN,symptom_present,0.4046960771083832,0.586371471079478,binary,-0.5020177611731192,0.8353870547286866
15,57,RNN,score,1.1177040338516235,0.8882929123254374,continuous,-1.5302151446722962,
15,57,MixedModel,biomarker,0.9168739914894104,0.9085191354219857,continuous,-1.3321533627804383,
15,57,MixedModel,blood_pressure,21.3919734954834,0.9042067626809244,bounded,-4.481954314571505,
15,57,MixedModel,symptom_present,0.387479305267334,0.6335133446859289,binary,-0.48824439515231416,0.8636961887979495
15,57,MixedModel,score,0.9236907362937927,0.917082693694042,continuous,-1.3395605688586012,
16,58,VAE-RWMH,biomarker,0.821470320224762,0.9323443691554186,continuous,-1.2222790622885404,
16,58,VAE-RWMH,blood_pressure,22.169740676879883,0.8984719970770955,bounded,-4.51766685973606,
16,58,VAE-RWMH,symptom_present,0.4242940843105316,0.5323446217192171,binary,-0.5480634232494739,0.7985163885585868
16,58,VAE-RWMH,score,0.7856501936912537,0.9405053509565564,continuous,-1.1776949013949582,
16,58,VAE-Latent,biomarker,0.8790178894996643,0.9265525161096846,continuous,-1.2899884442002492,
16,58,VAE-Latent,blood_pressure,22.90513038635254,0.8883646589424606,bounded,-4.550299393406815,
16,58,VAE-Latent,symptom_present,0.41941672563552856,0.5448199200507277,binary,-0.5328474869037622,0.8078594067473525
16,58,VAE-Latent,score,0.7730055451393127,0.9434800980193323,continuous,-1.1614694763150335,
16,58,RNN,biomarker,1.110943078994751,0.9021997390407798,continuous,-1.524147808521531,
16,58,RNN,blood_pressure,41.15659713745117,0.49926943013750835,bounded,-5.136322766735615,
16,58,RNN,symptom_present,0.4795559048652649,0.28218348260544623,binary,-0.6518387109149915,0.6630611634214666
16,58,RNN,score,0.9417593479156494,0.9176185682161563,continuous,-1.3589330268570756,
16,58,MixedModel,biomarker,0.955014705657959,0.9169004860598002,continuous,-1.3729099335747854,
16,58,MixedModel,blood_pressure,18.30200958251953,0.9299339063625143,bounded,-4.325949340670803,
16,58,MixedModel,symptom_present,0.41208186745643616,0.5670910283466172,binary,-0.5168108784591445,0.8239644338049843
16,58,MixedModel,score,0.8242551684379578,0.9365148740179242,continuous,-1.2256634066284295,
17,59,VAE-RWMH,biomarker,0.8389447927474976,0.9378085377867138,continuous,-1.2433282168749167,
17,59,VAE-RWMH,blood_pressure,38.022438049316406,0.5866029440976109,bounded,-5.057115053255956,
17,59,VAE-RWMH,symptom_present,0.4300096333026886,0.5199934576076575,binary,-0.5590673872326481,0.7986326947215138
17,59,VAE-RWMH,score,0.8308359980583191,0.9196374520521742,continuous,-1.2336157342817793,
17,59,VAE-Latent,biomarker,0.827109158039093,0.9398439174877341,continuous,-1.2291199333280767,
17,59,VAE-Latent,blood_pressure,51.99687194824219,0.1881379454404711,bounded,-5.370122154739873,
17,59,VAE-Latent,symptom_present,0.4359087347984314,0.5093030691043654,binary,-0.57012738441026,0.7914102317852691
17,59,VAE-Latent,score,0.8069872260093689,0.92154407355065,continuous,-1.2044910933825317,
17,59,RNN,biomarker,1.1249921321868896,0.9108352550371271,continuous,-1.5367145752249471,
17,59,RNN,blood_pressure,25.494747161865234,0.8835922587333614,bounded,-4.657411089706392,
17,59,RNN,symptom_present,0.42545071244239807,0.5478559080952629,binary,-0.5534360101478413,0.8149800554783782
17,59,RNN,score,1.0568281412124634,0.9090060026436667,continuous,-1.4742106357782931,
17,59,MixedModel,biomarker,0.8190803527832031,0.9373802184778696,continuous,-1.2193654441094526,
17,59,MixedModel,blood_pressure,17.430116653442383,0.9353243077571001,bounded,-4.277138085395927,
17,59,MixedModel,symptom_present,0.41102322936058044,0.5710377454873039,binary,-0.5144513266218486,0.8299208026050717
17,59,MixedModel,score,0.8076656460762024,0.9256457052895877,continuous,-1.2053314227418443,
18,60,VAE-RWMH,biomarker,0.8092366456985474,0.9114707512881566,continuous,-1.207274644821116,
18,60,VAE-RWMH,blood_pressure,19.563232421875,0.9010049928175395,bounded,-4.392590440900028,
18,60,VAE-RWMH,symptom_present,0.4011240601539612,0.6030774740593984,binary,-0.49975006775290626,0.84816863501925
18,60,VAE-RWMH,score,0.8173167705535889,0.9306488160296513,continuous,-1.2172099979927902,
18,60,VAE-Latent,biomarker,0.8478049039840698,0.9100297938390395,continuous,-1.2538337974886622,
18,60,VAE-Latent,blood_pressure,21.826189041137695,0.8811896353647788,bounded,-4.502049173744559,
18,60,VAE-Latent,symptom_present,0.39034298062324524,0.6179055288382174,binary,-0.47423532670176416,0.8574655052184128
18,60,VAE-Latent,score,0.8997589945793152,0.9276296141920697,continuous,-1.3133101978856014,
18,60,RNN,biomarker,1.040878415107727,0.8874722643489845,continuous,-1.4590035197701123,
18,60,RNN,blood_pressure,28.24106216430664,0.8379913460785376,bounded,-4.7597155571729175,
18,60,RNN,symptom_present,0.4089895486831665,0.5620176596821319,binary,-0.5102315148641527,0.8263963785043608
18,60,RNN,score,1.0017980337142944,0.9096107324528344,continuous,-1.4207350716006648,
18,60,MixedModel,biomarker,0.9361155033111572,0.9019669593455168,continuous,-1.3529221240603124,
18,60,MixedModel,blood_pressure,19.6805362701416,0.9130487354937536,bounded,-4.398568673956584,
18,60,MixedModel,symptom_present,0.3841833472251892,0.6284186423799856,binary,-0.4563550984142858,0.8629969604159412
18,60,MixedModel,score,0.7584583759307861,0.9461322552261371,continuous,-1.1424712342883396,
19,61,VAE-RWMH,biomarker,0.79734206199646,0.9368777866668629,continuous,-1.1924670278850016,
19,61,VAE-RWMH,blood_pressure,24.461227416992188,0.8460390471478348,bounded,-4.616027842784916,
19,61,VAE-RWMH,symptom_present,0.4220905303955078,0.5587951478420439,binary,-0.5347439254131071,0.8193511573255765
19,61,VAE-RWMH,score,0.7963786721229553,0.9447203729631135,continuous,-1.191258105300705,
19,61,VAE-Latent,biomarker,0.8193159103393555,0.9325383271663941,continuous,-1.2196529906121851,
19,61,VAE-Latent,blood_pressure,27.650604248046875,0.7887775323084114,bounded,-4.738585995180527,
19,61,VAE-Latent,symptom_present,0.41445139050483704,0.5608312323224913,binary,-0.5183299136861982,0.8217950191184378
19,61,VAE-Latent,score,0.8898097276687622,0.9336005508132756,continuous,-1.3021909049563438,
19,61,RNN,biomarker,1.2031077146530151,0.9177498720404622,continuous,-1.603846504553828,
19,61,RNN,blood_pressure,24.25776481628418,0.8601555836139302,bounded,-4.607675297945187,
19,61,RNN,symptom_present,0.41592007875442505,0.5767057572284809,binary,-0.525569371235054,0.8298529209236148
19,61,RNN,score,0.91768878698349,0.9330345760495007,continuous,-1.3330415753649114,
19,61,MixedModel,biomarker,0.7983993291854858,0.9361321378784256,continuous,-1.1937921390208972,
19,61,MixedModel,blood_pressure,19.076047897338867,0.9121961191606262,bounded,-4.367371984901949,
19,61,MixedModel,symptom_present,0.39465898275375366,0.614885459929199,binary,-0.47493559598867174,0.8532349589780344
19,61,MixedModel,score,0.9711999893188477,0.9257372853396489,continuous,-1.3897156635298777,
